,ACC,BLCA,BRCA,CESC,CHOL,COAD,DLBC,ESCA,GBM,HNSC,KICH,KIRC,KIRP,LAML,LGG,LIHC,LUAD,LUSC,MESO,PAAD,PCPG,PRAD,READ,SARC,SKCM,STAD,TGCT,THCA,THYM,UCEC,UCS,UVM
ACC,0.0,0.783965528011322,0.8734334111213684,1.1788047552108765,0.9933695793151855,0.9735704064369202,1.0617797374725342,1.405044674873352,0.8017476201057434,1.5977213382720947,0.6507126092910767,1.035076379776001,1.0632966756820679,0.6583234667778015,0.8243721127510071,0.8795847296714783,0.8447362780570984,1.1963187456130981,0.8864240646362305,0.733189582824707,0.5689106583595276,1.048248529434204,0.8135626912117004,0.7620753049850464,0.7947298288345337,1.0241687297821045,1.125441074371338,1.1107251644134521,1.1168392896652222,0.9388114809989929,0.8393639326095581,1.0148653984069824
BLCA,0.783965528011322,0.0,1.321944236755371,0.6095091700553894,1.0899596214294434,0.9712485074996948,0.7595067024230957,1.0214025974273682,0.8114931583404541,0.8464858531951904,0.7283486723899841,0.9086058735847473,0.9965376257896423,0.8443443775177002,1.3505107164382935,1.0511693954467773,0.7690007090568542,0.631524384021759,0.9418681263923645,0.7432054877281189,0.8585808873176575,0.7325527667999268,0.7308146357536316,0.9523264765739441,1.0822420120239258,0.8935383558273315,0.9189409613609314,0.7230101227760315,1.1452940702438354,0.7884950637817383,0.6811628937721252,1.6183022260665894
BRCA,0.8734334111213684,1.321944236755371,0.0,0.8673136234283447,0.8372658491134644,0.8654667139053345,1.3988605737686157,0.8729599714279175,1.4437482357025146,1.1707719564437866,1.328357219696045,1.502172589302063,1.240949034690857,1.1182149648666382,0.97960364818573,0.8567688465118408,0.9207817912101746,1.2538772821426392,0.8112090229988098,1.1072064638137817,0.8913694620132446,1.0506781339645386,1.1380436420440674,0.9640035629272461,0.8719548583030701,1.0879651308059692,0.9494245052337646,1.275983214378357,0.8444347977638245,0.92045658826828,0.8539507389068604,0.7683674693107605
CESC,1.1788047552108765,0.6095091700553894,0.8673136234283447,0.0,0.5828550457954407,0.8556053042411804,0.9111162424087524,0.7592822313308716,1.336607575416565,0.8073116540908813,1.1115816831588745,1.2670049667358398,1.1211774349212646,0.9890755414962769,1.5189871788024902,0.948294460773468,1.0484150648117065,1.009881854057312,0.7627688050270081,0.8380076289176941,1.1887269020080566,0.7638309001922607,0.6468657851219177,0.8349590301513672,1.2045332193374634,0.981759786605835,1.220672607421875,0.8373628258705139,0.9653490781784058,0.7231236696243286,0.6737622618675232,1.236409068107605
CHOL,0.9933695793151855,1.0899596214294434,0.8372658491134644,0.5828550457954407,0.0,1.098608136177063,0.7177311778068542,0.8978626728057861,1.434546947479248,1.2881094217300415,0.6811652183532715,0.9668176174163818,0.8921945691108704,1.2530992031097412,1.171769380569458,0.3435879051685333,0.907288670539856,1.0393146276474,0.7415897846221924,0.7705209851264954,1.3170263767242432,0.9336321353912354,0.862084686756134,0.8270501494407654,0.999161422252655,0.8370353579521179,1.2085304260253906,0.7395326495170593,0.8520466685295105,0.9124268889427185,0.9821052551269531,0.8722679018974304
COAD,0.9735704064369202,0.9712485074996948,0.8654667139053345,0.8556053042411804,1.098608136177063,0.0,1.2755377292633057,0.8611289858818054,1.2411441802978516,0.9775528311729431,1.2567998170852661,0.8540419340133667,0.7411959171295166,0.7421237826347351,1.341860055923462,0.9523888230323792,0.9594519734382629,1.4007498025894165,1.2838929891586304,1.071537733078003,0.8445644974708557,0.9873084425926208,0.2990969717502594,1.1936211585998535,1.1378140449523926,0.8326576352119446,1.2655274868011475,1.541913390159607,1.4054758548736572,0.9077200889587402,0.9899922013282776,0.8754662275314331
DLBC,1.0617797374725342,0.7595067024230957,1.3988605737686157,0.9111162424087524,0.7177311778068542,1.2755377292633057,0.0,1.1571098566055298,0.6100356578826904,0.6711474657058716,0.8355703353881836,0.5885715484619141,1.2166374921798706,0.887605607509613,0.9436680674552917,0.6644585728645325,1.2304924726486206,0.5924341678619385,1.1740515232086182,0.7048636674880981,1.2992355823516846,1.1350350379943848,0.9320369958877563,0.7423584461212158,0.8355464935302734,0.6632528305053711,0.6277171969413757,0.7743918895721436,0.647314727306366,0.7395344972610474,1.2574044466018677,1.022857904434204
ESCA,1.405044674873352,1.0214025974273682,0.8729599714279175,0.7592822313308716,0.8978626728057861,0.8611289858818054,1.1571098566055298,0.0,1.112083911895752,0.6903895139694214,0.9371721148490906,1.1941983699798584,0.8870950937271118,1.242490291595459,1.009885549545288,1.153623342514038,0.8268947005271912,0.7233133912086487,0.679139256477356,0.7767634391784668,1.3396060466766357,0.84346604347229,0.9459633231163025,0.9392029047012329,1.1733955144882202,0.5054762363433838,1.1028324365615845,1.1320405006408691,1.108640432357788,1.328222393989563,0.8165239095687866,1.242251992225647
GBM,0.8017476201057434,0.8114931583404541,1.4437482357025146,1.336607575416565,1.434546947479248,1.2411441802978516,0.6100356578826904,1.112083911895752,0.0,0.7407665848731995,0.7188469767570496,0.6567384004592896,1.0511811971664429,0.7027021050453186,0.42939603328704834,1.3900638818740845,1.2224825620651245,0.691123902797699,1.1398873329162598,0.7142719626426697,0.9593107104301453,0.8635096549987793,1.0045711994171143,0.7526440024375916,0.95527184009552,0.7729424238204956,0.8039759993553162,0.8906251788139343,0.9227814674377441,1.0193182229995728,1.0743950605392456,1.0578768253326416
HNSC,1.5977213382720947,0.8464858531951904,1.1707719564437866,0.8073116540908813,1.2881094217300415,0.9775528311729431,0.6711474657058716,0.6903895139694214,0.7407665848731995,0.0,1.277400016784668,0.8340494632720947,1.0683473348617554,0.9472002983093262,1.0432406663894653,1.229841947555542,1.2584201097488403,0.6603311896324158,1.0902316570281982,1.041540265083313,1.1608952283859253,1.0119524002075195,1.0216492414474487,0.8856157064437866,0.9636877179145813,0.8128236532211304,0.6149219870567322,0.9282966256141663,0.8188007473945618,0.8218744993209839,1.0098814964294434,1.026167869567871
KICH,0.6507126092910767,0.7283486723899841,1.328357219696045,1.1115816831588745,0.6811652183532715,1.2567998170852661,0.8355703353881836,0.9371721148490906,0.7188469767570496,1.277400016784668,0.0,0.5947979092597961,0.5450211763381958,1.2751294374465942,0.7952609658241272,0.8089982271194458,0.8598204851150513,0.8046342134475708,0.8349209427833557,0.6869480013847351,1.0039873123168945,0.6684173941612244,0.9397350549697876,0.7022368907928467,1.0038825273513794,0.6818840503692627,1.064404010772705,0.6453059315681458,1.3332574367523193,0.9914259910583496,0.6678534746170044,1.2204691171646118
KIRC,1.035076379776001,0.9086058735847473,1.502172589302063,1.2670049667358398,0.9668176174163818,0.8540419340133667,0.5885715484619141,1.1941983699798584,0.6567384004592896,0.8340494632720947,0.5947979092597961,0.0,0.4749895930290222,0.9309701323509216,0.9632422924041748,0.6827390193939209,1.1894021034240723,1.0004185438156128,1.3079077005386353,0.9443583488464355,0.7701745629310608,0.9078797698020935,0.6960837841033936,0.8955808281898499,0.949718713760376,0.8735728859901428,0.7432886362075806,0.7727958559989929,1.085400938987732,0.7573593258857727,1.2177051305770874,0.6905522346496582
KIRP,1.0632966756820679,0.9965376257896423,1.240949034690857,1.1211774349212646,0.8921945691108704,0.7411959171295166,1.2166374921798706,0.8870950937271118,1.0511811971664429,1.0683473348617554,0.5450211763381958,0.4749895930290222,0.0,1.0152684450149536,0.9784900546073914,0.86208176612854,0.8038814663887024,1.1412370204925537,0.9455069303512573,1.2057957649230957,0.8271923661231995,0.9170609712600708,0.8233799934387207,1.0093287229537964,0.8593763113021851,1.031664252281189,1.280375361442566,0.7241913080215454,1.4422855377197266,0.9857257604598999,0.7627284526824951,0.7807641625404358
LAML,0.6583234667778015,0.8443443775177002,1.1182149648666382,0.9890755414962769,1.2530992031097412,0.7421237826347351,0.887605607509613,1.242490291595459,0.7027021050453186,0.9472002983093262,1.2751294374465942,0.9309701323509216,1.0152684450149536,0.0,0.8867450952529907,1.137251377105713,0.9390121698379517,1.0962659120559692,0.8178443312644958,0.877834141254425,0.6479811072349548,1.4053666591644287,0.712990939617157,0.8522789478302002,0.6495643258094788,1.1810803413391113,1.235336184501648,0.9977525472640991,0.770206093788147,1.0802595615386963,1.176400899887085,0.7106233239173889
LGG,0.8243721127510071,1.3505107164382935,0.97960364818573,1.5189871788024902,1.171769380569458,1.341860055923462,0.9436680674552917,1.009885549545288,0.42939603328704834,1.0432406663894653,0.7952609658241272,0.9632422924041748,0.9784900546073914,0.8867450952529907,0.0,1.2467010021209717,0.9915661811828613,0.8278891444206238,0.9610803723335266,0.973732590675354,1.1186119318008423,1.0378392934799194,1.3875701427459717,0.875800371170044,0.7164012789726257,0.8908733129501343,1.0140764713287354,0.918358325958252,0.8643726706504822,1.220948576927185,1.043049931526184,0.7647907733917236
LIHC,0.8795847296714783,1.0511693954467773,0.8567688465118408,0.948294460773468,0.3435879051685333,0.9523888230323792,0.6644585728645325,1.153623342514038,1.3900638818740845,1.229841947555542,0.8089982271194458,0.6827390193939209,0.86208176612854,1.137251377105713,1.2467010021209717,0.0,0.8442341089248657,1.023172378540039,0.972776472568512,0.9081157445907593,0.9225741624832153,1.1538805961608887,0.9033786058425903,0.9614711999893188,0.797598659992218,0.9177089929580688,0.7746710777282715,0.8560780882835388,0.78966224193573,0.8061156868934631,1.210872769355774,0.743005096912384
LUAD,0.8447362780570984,0.7690007090568542,0.9207817912101746,1.0484150648117065,0.907288670539856,0.9594519734382629,1.2304924726486206,0.8268947005271912,1.2224825620651245,1.2584201097488403,0.8598204851150513,1.1894021034240723,0.8038814663887024,0.9390121698379517,0.9915661811828613,0.8442341089248657,0.0,0.6088452339172363,0.6911075711250305,0.9530231356620789,0.961250901222229,1.0039712190628052,1.1675386428833008,1.414791226387024,0.86313396692276,0.9739522337913513,1.1953444480895996,0.7842762470245361,1.0204936265945435,1.4230773448944092,0.9528917670249939,1.3806051015853882
LUSC,1.1963187456130981,0.631524384021759,1.2538772821426392,1.009881854057312,1.0393146276474,1.4007498025894165,0.5924341678619385,0.7233133912086487,0.691123902797699,0.6603311896324158,0.8046342134475708,1.0004185438156128,1.1412370204925537,1.0962659120559692,0.8278891444206238,1.023172378540039,0.6088452339172363,0.0,0.8163227438926697,0.7144168615341187,1.2593863010406494,0.9010400772094727,1.3373512029647827,1.0977716445922852,0.952143132686615,0.6695902943611145,0.6690708994865417,0.6381638050079346,0.7131675481796265,1.2540676593780518,1.065614104270935,1.5244070291519165
MESO,0.8864240646362305,0.9418681263923645,0.8112090229988098,0.7627688050270081,0.7415897846221924,1.2838929891586304,1.1740515232086182,0.679139256477356,1.1398873329162598,1.0902316570281982,0.8349209427833557,1.3079077005386353,0.9455069303512573,0.8178443312644958,0.9610803723335266,0.972776472568512,0.6911075711250305,0.8163227438926697,0.0,0.6493147611618042,0.8130996823310852,1.1410115957260132,1.200312852859497,0.6329988241195679,0.8035686612129211,1.0582962036132812,1.1575027704238892,0.6272563338279724,0.6574091911315918,1.3895840644836426,0.8671138882637024,0.9715632796287537
PAAD,0.733189582824707,0.7432054877281189,1.1072064638137817,0.8380076289176941,0.7705209851264954,1.071537733078003,0.7048636674880981,0.7767634391784668,0.7142719626426697,1.041540265083313,0.6869480013847351,0.9443583488464355,1.2057957649230957,0.877834141254425,0.973732590675354,0.9081157445907593,0.9530231356620789,0.7144168615341187,0.6493147611618042,0.0,0.9394547343254089,0.7149736881256104,0.6737508177757263,0.7159059643745422,1.3236114978790283,0.5492525100708008,0.9107226729393005,0.9808059334754944,0.6781614422798157,1.3053474426269531,1.2445825338363647,1.2174427509307861
PCPG,0.5689106583595276,0.8585808873176575,0.8913694620132446,1.1887269020080566,1.3170263767242432,0.8445644974708557,1.2992355823516846,1.3396060466766357,0.9593107104301453,1.1608952283859253,1.0039873123168945,0.7701745629310608,0.8271923661231995,0.6479811072349548,1.1186119318008423,0.9225741624832153,0.961250901222229,1.2593863010406494,0.8130996823310852,0.9394547343254089,0.0,0.9954410195350647,0.8864665627479553,0.8805369138717651,0.8980165123939514,1.4169963598251343,0.7458949685096741,0.8764111399650574,0.8436213135719299,0.9125357866287231,1.0920543670654297,0.6915441751480103
PRAD,1.048248529434204,0.7325527667999268,1.0506781339645386,0.7638309001922607,0.9336321353912354,0.9873084425926208,1.1350350379943848,0.84346604347229,0.8635096549987793,1.0119524002075195,0.6684173941612244,0.9078797698020935,0.9170609712600708,1.4053666591644287,1.0378392934799194,1.1538805961608887,1.0039712190628052,0.9010400772094727,1.1410115957260132,0.7149736881256104,0.9954410195350647,0.0,0.7670820951461792,1.159029483795166,1.6728267669677734,0.8915020823478699,0.9753451347351074,0.8098971247673035,1.126305103302002,0.9253311157226562,0.8741394877433777,1.3720804452896118
READ,0.8135626912117004,0.7308146357536316,1.1380436420440674,0.6468657851219177,0.862084686756134,0.2990969717502594,0.9320369958877563,0.9459633231163025,1.0045711994171143,1.0216492414474487,0.9397350549697876,0.6960837841033936,0.8233799934387207,0.712990939617157,1.3875701427459717,0.9033786058425903,1.1675386428833008,1.3373512029647827,1.200312852859497,0.6737508177757263,0.8864665627479553,0.7670820951461792,0.0,0.9101769924163818,1.341268539428711,0.709693431854248,1.2845536470413208,1.345700740814209,1.3078734874725342,0.8310871720314026,1.0142345428466797,0.9872363209724426
SARC,0.7620753049850464,0.9523264765739441,0.9640035629272461,0.8349590301513672,0.8270501494407654,1.1936211585998535,0.7423584461212158,0.9392029047012329,0.7526440024375916,0.8856157064437866,0.7022368907928467,0.8955808281898499,1.0093287229537964,0.8522789478302002,0.875800371170044,0.9614711999893188,1.414791226387024,1.0977716445922852,0.6329988241195679,0.7159059643745422,0.8805369138717651,1.159029483795166,0.9101769924163818,0.0,0.7258225679397583,0.830369234085083,0.8945336937904358,0.9239670634269714,0.9104370474815369,0.7560540437698364,0.7219997644424438,0.7271779179573059
SKCM,0.7947298288345337,1.0822420120239258,0.8719548583030701,1.2045332193374634,0.999161422252655,1.1378140449523926,0.8355464935302734,1.1733955144882202,0.95527184009552,0.9636877179145813,1.0038825273513794,0.949718713760376,0.8593763113021851,0.6495643258094788,0.7164012789726257,0.797598659992218,0.86313396692276,0.952143132686615,0.8035686612129211,1.3236114978790283,0.8980165123939514,1.6728267669677734,1.341268539428711,0.7258225679397583,0.0,1.1267346143722534,0.9336550831794739,0.8437528014183044,0.9239547252655029,0.8240435719490051,0.790386438369751,0.6415423154830933
STAD,1.0241687297821045,0.8935383558273315,1.0879651308059692,0.981759786605835,0.8370353579521179,0.8326576352119446,0.6632528305053711,0.5054762363433838,0.7729424238204956,0.8128236532211304,0.6818840503692627,0.8735728859901428,1.031664252281189,1.1810803413391113,0.8908733129501343,0.9177089929580688,0.9739522337913513,0.6695902943611145,1.0582962036132812,0.5492525100708008,1.4169963598251343,0.8915020823478699,0.709693431854248,0.830369234085083,1.1267346143722534,0.0,0.914151132106781,1.3617209196090698,1.1885606050491333,1.1417838335037231,0.9649332761764526,1.304896593093872
TGCT,1.125441074371338,0.9189409613609314,0.9494245052337646,1.220672607421875,1.2085304260253906,1.2655274868011475,0.6277171969413757,1.1028324365615845,0.8039759993553162,0.6149219870567322,1.064404010772705,0.7432886362075806,1.280375361442566,1.235336184501648,1.0140764713287354,0.7746710777282715,1.1953444480895996,0.6690708994865417,1.1575027704238892,0.9107226729393005,0.7458949685096741,0.9753451347351074,1.2845536470413208,0.8945336937904358,0.9336550831794739,0.914151132106781,0.0,0.9269149303436279,0.5753448009490967,0.7433582544326782,1.2528718709945679,0.9719241857528687
THCA,1.1107251644134521,0.7230101227760315,1.275983214378357,0.8373628258705139,0.7395326495170593,1.541913390159607,0.7743918895721436,1.1320405006408691,0.8906251788139343,0.9282966256141663,0.6453059315681458,0.7727958559989929,0.7241913080215454,0.9977525472640991,0.918358325958252,0.8560780882835388,0.7842762470245361,0.6381638050079346,0.6272563338279724,0.9808059334754944,0.8764111399650574,0.8098971247673035,1.345700740814209,0.9239670634269714,0.8437528014183044,1.3617209196090698,0.9269149303436279,0.0,0.6570372581481934,0.9384342432022095,0.9229698777198792,1.0114246606826782
THYM,1.1168392896652222,1.1452940702438354,0.8444347977638245,0.9653490781784058,0.8520466685295105,1.4054758548736572,0.647314727306366,1.108640432357788,0.9227814674377441,0.8188007473945618,1.3332574367523193,1.085400938987732,1.4422855377197266,0.770206093788147,0.8643726706504822,0.78966224193573,1.0204936265945435,0.7131675481796265,0.6574091911315918,0.6781614422798157,0.8436213135719299,1.126305103302002,1.3078734874725342,0.9104370474815369,0.9239547252655029,1.1885606050491333,0.5753448009490967,0.6570372581481934,0.0,1.1720880270004272,1.5850911140441895,0.7137795090675354
UCEC,0.9388114809989929,0.7884950637817383,0.92045658826828,0.7231236696243286,0.9124268889427185,0.9077200889587402,0.7395344972610474,1.328222393989563,1.0193182229995728,0.8218744993209839,0.9914259910583496,0.7573593258857727,0.9857257604598999,1.0802595615386963,1.220948576927185,0.8061156868934631,1.4230773448944092,1.2540676593780518,1.3895840644836426,1.3053474426269531,0.9125357866287231,0.9253311157226562,0.8310871720314026,0.7560540437698364,0.8240435719490051,1.1417838335037231,0.7433582544326782,0.9384342432022095,1.1720880270004272,0.0,0.6336519122123718,0.8399853110313416
UCS,0.8393639326095581,0.6811628937721252,0.8539507389068604,0.6737622618675232,0.9821052551269531,0.9899922013282776,1.2574044466018677,0.8165239095687866,1.0743950605392456,1.0098814964294434,0.6678534746170044,1.2177051305770874,0.7627284526824951,1.176400899887085,1.043049931526184,1.210872769355774,0.9528917670249939,1.065614104270935,0.8671138882637024,1.2445825338363647,1.0920543670654297,0.8741394877433777,1.0142345428466797,0.7219997644424438,0.790386438369751,0.9649332761764526,1.2528718709945679,0.9229698777198792,1.5850911140441895,0.6336519122123718,0.0,1.2844609022140503
UVM,1.0148653984069824,1.6183022260665894,0.7683674693107605,1.236409068107605,0.8722679018974304,0.8754662275314331,1.022857904434204,1.242251992225647,1.0578768253326416,1.026167869567871,1.2204691171646118,0.6905522346496582,0.7807641625404358,0.7106233239173889,0.7647907733917236,0.743005096912384,1.3806051015853882,1.5244070291519165,0.9715632796287537,1.2174427509307861,0.6915441751480103,1.3720804452896118,0.9872363209724426,0.7271779179573059,0.6415423154830933,1.304896593093872,0.9719241857528687,1.0114246606826782,0.7137795090675354,0.8399853110313416,1.2844609022140503,0.0
